Title,Skills,yearsexperience,id,languages, tools, previousprojects, previousteams, clientfeedback, additionalnotes
Junior Software Engineer,Machine learning  Python  C++  Object Oriented Programming   UML Design  Computer Graphics  Mobile App Development  Translation Programing Language  Computer Security,2010,2132553681 
Junior Software Engineer,Machine learning  Python  C++  Object Oriented Programming   UML Design  Computer Graphics  Mobile App Development  Translation Programing Language  Computer Security  Web App Architecture   Dev   Smart Sensor Systems  Algorithms   Data Structures  Operating Systems  Computer Architecture  Computer Networks  Software Engineering Design  Discrete Structures in Computer Science,2010,2117485795 
Junior Software Engineer,Algorithms   Data Structures  Operating Systems  Computer Architecture  Computer Networks  Software Engineering Design  Discrete Structures in Computer Science  Microprocessors and Digital Systems  Multi Variable Calculus  Differential Equations  Engineering Math  Digital Logic   VHDL  Electronic Circuits    Calculus   ,2010,2120015072 
Junior Software Engineer,Golang  Python  C++  Java  JavaScript  C#  CSS     C  Docker  Keras  Numpy  Pandas  CI  Embedded Linux,2010,2156683801 
Junior Software Engineer,Ubuntu/Debian Linux flavors  BLE  ReactJS  Node js  restAPI  React Native  MatLab  Embedded Systems  Multi-Threading  Robotics  Machine Learning  Statistical Inference  Data Visualization  gtest  Coverity  Github  openCV  AWS  GCP,2010,2148310716 
Junior Software Engineer,Discrete Structures in Computer Science  Microprocessors and Digital Systems  Multi Variable Calculus  Differential Equations  Engineering Math  Digital Logic   VHDL  Electronic Circuits    Calculus   ,2010,2052194488 
Junior Software Engineer,Ubuntu/Debian Linux flavors  BLE  ReactJS  Node js  restAPI  React Native  MatLab,2010,2120193275 
Junior Software Engineer, Multi-Threading  Robotics  Machine Learning  Statistical Inference  Data Visualization  gtest  Coverity  Github  openCV  AWS  GCP,2010,1972823986 
Junior Software Engineer,Golang  Python  C++  Java  JavaScript  C#  CSS     C  Docker  Keras  Numpy  Pandas  CI  Embedded Linux,2010,2012373852 
Junior Software Engineer,Machine learning  Python  C++  Object Oriented Programming   UML Design  Computer Graphics  Mobile App Development  Translation Programing Language  Computer Security,2011,631917952 
Junior Software Engineer,Machine learning  Python  C++  Object Oriented Programming   UML Design  Computer Graphics  Mobile App Development  Translation Programing Language  Computer Security  Web App Architecture   Dev   Smart Sensor Systems  Algorithms   Data Structures  Operating Systems  Computer Architecture  Computer Networks  Software Engineering Design  Discrete Structures in Computer Science,2011,1969396793 
Junior Software Engineer,Algorithms   Data Structures  Operating Systems  Computer Architecture  Computer Networks  Software Engineering Design  Discrete Structures in Computer Science  Microprocessors and Digital Systems  Multi Variable Calculus  Differential Equations  Engineering Math  Digital Logic   VHDL  Electronic Circuits    Calculus   ,2011,2001644739 
Junior Software Engineer,Golang  Python  C++  Java  JavaScript  C#  CSS     C  Docker  Keras  Numpy  Pandas  CI  Embedded Linux,2011,171007782 
Junior Software Engineer,Ubuntu/Debian Linux flavors  BLE  ReactJS  Node js  restAPI  React Native  MatLab  Embedded Systems  Multi-Threading  Robotics  Machine Learning  Statistical Inference  Data Visualization  gtest  Coverity  Github  openCV  AWS  GCP,2011,1984750104 
Junior Software Engineer,Discrete Structures in Computer Science  Microprocessors and Digital Systems  Multi Variable Calculus  Differential Equations  Engineering Math  Digital Logic   VHDL  Electronic Circuits    Calculus   ,2011,2106618919 
Junior Software Engineer,Ubuntu/Debian Linux flavors  BLE  ReactJS  Node js  restAPI  React Native  MatLab,2011,2000896298 
Junior Software Engineer, Multi-Threading  Robotics  Machine Learning  Statistical Inference  Data Visualization  gtest  Coverity  Github  openCV  AWS  GCP,2011,1966991655 
Junior Software Engineer,Golang  Python  C++  Java  JavaScript  C#  CSS     C  Docker  Keras  Numpy  Pandas  CI  Embedded Linux,2011,2124861983 
Junior Software Engineer,Machine learning  Python  C++  Object Oriented Programming   UML Design  Computer Graphics  Mobile App Development  Translation Programing Language  Computer Security,2011,2084621721 
Junior Software Engineer,Machine learning  Python  C++  Object Oriented Programming   UML Design  Computer Graphics  Mobile App Development  Translation Programing Language  Computer Security  Web App Architecture   Dev   Smart Sensor Systems  Algorithms   Data Structures  Operating Systems  Computer Architecture  Computer Networks  Software Engineering Design  Discrete Structures in Computer Science,2011,2143196799 
Junior Software Engineer,Algorithms   Data Structures  Operating Systems  Computer Architecture  Computer Networks  Software Engineering Design  Discrete Structures in Computer Science  Microprocessors and Digital Systems  Multi Variable Calculus  Differential Equations  Engineering Math  Digital Logic   VHDL  Electronic Circuits    Calculus   ,2011,2082762805 
Junior Software Engineer,Golang  Python  C++  Java  JavaScript  C#  CSS     C  Docker  Keras  Numpy  Pandas  CI  Embedded Linux,2011,2943415491 
Junior Software Engineer,Ubuntu/Debian Linux flavors  BLE  ReactJS  Node js  restAPI  React Native  MatLab  Embedded Systems  Multi-Threading  Robotics  Machine Learning  Statistical Inference  Data Visualization  gtest  Coverity  Github  openCV  AWS  GCP,2011,1965982582 
Junior Software Engineer,Discrete Structures in Computer Science  Microprocessors and Digital Systems  Multi Variable Calculus  Differential Equations  Engineering Math  Digital Logic   VHDL  Electronic Circuits    Calculus   ,2011,1963928329 
Junior Software Engineer,Ubuntu/Debian Linux flavors  BLE  ReactJS  Node js  restAPI  React Native  MatLab,2011,2160432949 
Junior Software Engineer, Multi-Threading  Robotics  Machine Learning  Statistical Inference  Data Visualization  gtest  Coverity  Github  openCV  AWS  GCP,2011,2109570219 
Junior Software Engineer,Golang  Python  C++  Java  JavaScript  C#  CSS     C  Docker  Keras  Numpy  Pandas  CI  Embedded Linux,2011,1999931407 
Junior Software Engineer, Multi-Threading  Robotics  Machine Learning  Statistical Inference  Data Visualization  gtest  Coverity  Github  openCV  AWS  GCP,2011,322693449 
Junior Software Engineer, Multi-Threading  Robotics  Machine Learning  Statistical Inference  Data Visualization  gtest  Coverity  Github  openCV  AWS  GCP,2011,2151921729 
Junior Software Engineer,Machine learning  Python  C++  Object Oriented Programming   UML Design  Computer Graphics  Mobile App Development  Translation Programing Language  Computer Security,2011,1969132838 
Junior Software Engineer,Machine learning  Python  C++  Object Oriented Programming   UML Design  Computer Graphics  Mobile App Development  Translation Programing Language  Computer Security  Web App Architecture   Dev   Smart Sensor Systems  Algorithms   Data Structures  Operating Systems  Computer Architecture  Computer Networks  Software Engineering Design  Discrete Structures in Computer Science,2011,2098065099 
Junior Software Engineer,Algorithms   Data Structures  Operating Systems  Computer Architecture  Computer Networks  Software Engineering Design  Discrete Structures in Computer Science  Microprocessors and Digital Systems  Multi Variable Calculus  Differential Equations  Engineering Math  Digital Logic   VHDL  Electronic Circuits    Calculus   ,2010,2037103971 
Junior Software Engineer,Golang  Python  C++  Java  JavaScript  C#  CSS     C  Docker  Keras  Numpy  Pandas  CI  Embedded Linux,2010,1972193616 
Junior Software Engineer,Ubuntu/Debian Linux flavors  BLE  ReactJS  Node js  restAPI  React Native  MatLab  Embedded Systems  Multi-Threading  Robotics  Machine Learning  Statistical Inference  Data Visualization  gtest  Coverity  Github  openCV  AWS  GCP,2010,326959320 
Junior Software Engineer,Discrete Structures in Computer Science  Microprocessors and Digital Systems  Multi Variable Calculus  Differential Equations  Engineering Math  Digital Logic   VHDL  Electronic Circuits    Calculus   ,2010,2043581018 
Junior Software Engineer,Ubuntu/Debian Linux flavors  BLE  ReactJS  Node js  restAPI  React Native  MatLab,2010,1982713310 
Junior Software Engineer, Multi-Threading  Robotics  Machine Learning  Statistical Inference  Data Visualization  gtest  Coverity  Github  openCV  AWS  GCP,2010,2126374943 
Junior Software Engineer,Golang  Python  C++  Java  JavaScript  C#  CSS     C  Docker  Keras  Numpy  Pandas  CI  Embedded Linux,2010,2060919843 
Junior Software Engineer,Machine learning  Python  C++  Object Oriented Programming   UML Design  Computer Graphics  Mobile App Development  Translation Programing Language  Computer Security,2010,2185446768 
Junior Software Engineer,Machine learning  Python  C++  Object Oriented Programming   UML Design  Computer Graphics  Mobile App Development  Translation Programing Language  Computer Security  Web App Architecture   Dev   Smart Sensor Systems  Algorithms   Data Structures  Operating Systems  Computer Architecture  Computer Networks  Software Engineering Design  Discrete Structures in Computer Science,2010,2150590267 
Junior Software Engineer,Algorithms   Data Structures  Operating Systems  Computer Architecture  Computer Networks  Software Engineering Design  Discrete Structures in Computer Science  Microprocessors and Digital Systems  Multi Variable Calculus  Differential Equations  Engineering Math  Digital Logic   VHDL  Electronic Circuits    Calculus   ,2010,579108294 
Junior Software Engineer,Golang  Python  C++  Java  JavaScript  C#  CSS     C  Docker  Keras  Numpy  Pandas  CI  Embedded Linux,2010,2000297003 
Junior Software Engineer,Ubuntu/Debian Linux flavors  BLE  ReactJS  Node js  restAPI  React Native  MatLab  Embedded Systems  Multi-Threading  Robotics  Machine Learning  Statistical Inference  Data Visualization  gtest  Coverity  Github  openCV  AWS  GCP,2010,2149219725 
Junior Software Engineer,Discrete Structures in Computer Science  Microprocessors and Digital Systems  Multi Variable Calculus  Differential Equations  Engineering Math  Digital Logic   VHDL  Electronic Circuits    Calculus   ,2010,2078296069 
Junior Software Engineer,Ubuntu/Debian Linux flavors  BLE  ReactJS  Node js  restAPI  React Native  MatLab,2010,1972087857 
Junior Software Engineer, Multi-Threading  Robotics  Machine Learning  Statistical Inference  Data Visualization  gtest  Coverity  Github  openCV  AWS  GCP,2010,57694993 
Junior Software Engineer,Golang  Python  C++  Java  JavaScript  C#  CSS     C  Docker  Keras  Numpy  Pandas  CI  Embedded Linux,2010,1974143004 
Junior Software Engineer,Machine learning  Python  C++  Object Oriented Programming   UML Design  Computer Graphics  Mobile App Development  Translation Programing Language  Computer Security,2010,2128473227 
Junior Software Engineer,Machine learning  Python  C++  Object Oriented Programming   UML Design  Computer Graphics  Mobile App Development  Translation Programing Language  Computer Security  Web App Architecture   Dev   Smart Sensor Systems  Algorithms   Data Structures  Operating Systems  Computer Architecture  Computer Networks  Software Engineering Design  Discrete Structures in Computer Science,2010,2182100901 
Associate Software Engineer,Algorithms   Data Structures  Operating Systems  Computer Architecture  Computer Networks  Software Engineering Design  Discrete Structures in Computer Science  Microprocessors and Digital Systems  Multi Variable Calculus  Differential Equations  Engineering Math  Digital Logic   VHDL  Electronic Circuits    Calculus   ,2010,2334328513 
Associate Software Engineer,Golang  Python  C++  Java  JavaScript  C#  CSS     C  Docker  Keras  Numpy  Pandas  CI  Embedded Linux,2010,1533559355 
Associate Software Engineer,Ubuntu/Debian Linux flavors  BLE  ReactJS  Node js  restAPI  React Native  MatLab  Embedded Systems  Multi-Threading  Robotics  Machine Learning  Statistical Inference  Data Visualization  gtest  Coverity  Github  openCV  AWS  GCP,2010,2112289484 
Associate Software Engineer,Discrete Structures in Computer Science  Microprocessors and Digital Systems  Multi Variable Calculus  Differential Equations  Engineering Math  Digital Logic   VHDL  Electronic Circuits    Calculus   ,2010,2132540250 
Associate Software Engineer,Ubuntu/Debian Linux flavors  BLE  ReactJS  Node js  restAPI  React Native  MatLab,2010,1608204392 
Associate Software Engineer, Multi-Threading  Robotics  Machine Learning  Statistical Inference  Data Visualization  gtest  Coverity  Github  openCV  AWS  GCP,2010,2103330650 
Associate Software Engineer,Golang  Python  C++  Java  JavaScript  C#  CSS     C  Docker  Keras  Numpy  Pandas  CI  Embedded Linux,2010,2460116060 
Associate Software Engineer, Multi-Threading  Robotics  Machine Learning  Statistical Inference  Data Visualization  gtest  Coverity  Github  openCV  AWS  GCP,2010,2081771482 
Associate Software Engineer, Multi-Threading  Robotics  Machine Learning  Statistical Inference  Data Visualization  gtest  Coverity  Github  openCV  AWS  GCP,2010,2162604609 
Associate Software Engineer,Machine learning  Python  C++  Object Oriented Programming   UML Design  Computer Graphics  Mobile App Development  Translation Programing Language  Computer Security,2010,2038773123 
Associate Software Engineer,Machine learning  Python  C++  Object Oriented Programming   UML Design  Computer Graphics  Mobile App Development  Translation Programing Language  Computer Security  Web App Architecture   Dev   Smart Sensor Systems  Algorithms   Data Structures  Operating Systems  Computer Architecture  Computer Networks  Software Engineering Design  Discrete Structures in Computer Science,2010,2371526911 
Associate Software Engineer,Algorithms   Data Structures  Operating Systems  Computer Architecture  Computer Networks  Software Engineering Design  Discrete Structures in Computer Science  Microprocessors and Digital Systems  Multi Variable Calculus  Differential Equations  Engineering Math  Digital Logic   VHDL  Electronic Circuits    Calculus   ,2015,2230892555 
Associate Software Engineer,Golang  Python  C++  Java  JavaScript  C#  CSS     C  Docker  Keras  Numpy  Pandas  CI  Embedded Linux,2010,2059571747 
Associate Software Engineer,Ubuntu/Debian Linux flavors  BLE  ReactJS  Node js  restAPI  React Native  MatLab  Embedded Systems  Multi-Threading  Robotics  Machine Learning  Statistical Inference  Data Visualization  gtest  Coverity  Github  openCV  AWS  GCP,2010,2149450660 
Associate Software Engineer,Discrete Structures in Computer Science  Microprocessors and Digital Systems  Multi Variable Calculus  Differential Equations  Engineering Math  Digital Logic   VHDL  Electronic Circuits    Calculus   ,2010,2048115476 
Associate Software Engineer,Ubuntu/Debian Linux flavors  BLE  ReactJS  Node js  restAPI  React Native  MatLab,2010,2088184911 
Associate Software Engineer, Multi-Threading  Robotics  Machine Learning  Statistical Inference  Data Visualization  gtest  Coverity  Github  openCV  AWS  GCP,2010,2166926158 
Associate Software Engineer,Golang  Python  C++  Java  JavaScript  C#  CSS     C  Docker  Keras  Numpy  Pandas  CI  Embedded Linux,2010,2156064773 
Associate Software Engineer,Machine learning  Python  C++  Object Oriented Programming   UML Design  Computer Graphics  Mobile App Development  Translation Programing Language  Computer Security,2010,2109122747 
Associate Software Engineer,Machine learning  Python  C++  Object Oriented Programming   UML Design  Computer Graphics  Mobile App Development  Translation Programing Language  Computer Security  Web App Architecture   Dev   Smart Sensor Systems  Algorithms   Data Structures  Operating Systems  Computer Architecture  Computer Networks  Software Engineering Design  Discrete Structures in Computer Science,2010,1518452265 
Associate Software Engineer,Algorithms   Data Structures  Operating Systems  Computer Architecture  Computer Networks  Software Engineering Design  Discrete Structures in Computer Science  Microprocessors and Digital Systems  Multi Variable Calculus  Differential Equations  Engineering Math  Digital Logic   VHDL  Electronic Circuits    Calculus   ,2010,1873995258 
Associate Software Engineer,Golang  Python  C++  Java  JavaScript  C#  CSS     C  Docker  Keras  Numpy  Pandas  CI  Embedded Linux,2010,2199282134 
Associate Software Engineer,Ubuntu/Debian Linux flavors  BLE  ReactJS  Node js  restAPI  React Native  MatLab  Embedded Systems  Multi-Threading  Robotics  Machine Learning  Statistical Inference  Data Visualization  gtest  Coverity  Github  openCV  AWS  GCP,2010,2107899732 
Associate Software Engineer,Discrete Structures in Computer Science  Microprocessors and Digital Systems  Multi Variable Calculus  Differential Equations  Engineering Math  Digital Logic   VHDL  Electronic Circuits    Calculus   ,2010,1996579182 
Associate Software Engineer,Ubuntu/Debian Linux flavors  BLE  ReactJS  Node js  restAPI  React Native  MatLab,2010,2123295583 
Associate Software Engineer, Multi-Threading  Robotics  Machine Learning  Statistical Inference  Data Visualization  gtest  Coverity  Github  openCV  AWS  GCP,2010,2171878629 
Associate Software Engineer,Golang  Python  C++  Java  JavaScript  C#  CSS     C  Docker  Keras  Numpy  Pandas  CI  Embedded Linux,2010,2155855374 
Associate Software Engineer,Machine learning  Python  C++  Object Oriented Programming   UML Design  Computer Graphics  Mobile App Development  Translation Programing Language  Computer Security,2010,2002798077 
Associate Software Engineer,Machine learning  Python  C++  Object Oriented Programming   UML Design  Computer Graphics  Mobile App Development  Translation Programing Language  Computer Security  Web App Architecture   Dev   Smart Sensor Systems  Algorithms   Data Structures  Operating Systems  Computer Architecture  Computer Networks  Software Engineering Design  Discrete Structures in Computer Science,2010,2075010622 
Associate Software Engineer,Algorithms   Data Structures  Operating Systems  Computer Architecture  Computer Networks  Software Engineering Design  Discrete Structures in Computer Science  Microprocessors and Digital Systems  Multi Variable Calculus  Differential Equations  Engineering Math  Digital Logic   VHDL  Electronic Circuits    Calculus   ,2010,2032687764 
Associate Software Engineer,Golang  Python  C++  Java  JavaScript  C#  CSS     C  Docker  Keras  Numpy  Pandas  CI  Embedded Linux,2010,2037361987 
Associate Software Engineer,Ubuntu/Debian Linux flavors  BLE  ReactJS  Node js  restAPI  React Native  MatLab  Embedded Systems  Multi-Threading  Robotics  Machine Learning  Statistical Inference  Data Visualization  gtest  Coverity  Github  openCV  AWS  GCP,2010,2078636779 
Associate Software Engineer,Discrete Structures in Computer Science  Microprocessors and Digital Systems  Multi Variable Calculus  Differential Equations  Engineering Math  Digital Logic   VHDL  Electronic Circuits    Calculus   ,2010,2010534276 
Associate Software Engineer,Ubuntu/Debian Linux flavors  BLE  ReactJS  Node js  restAPI  React Native  MatLab,2010,2041714830 
Associate Software Engineer, Multi-Threading  Robotics  Machine Learning  Statistical Inference  Data Visualization  gtest  Coverity  Github  openCV  AWS  GCP,2010,2852174164 
Associate Software Engineer,Golang  Python  C++  Java  JavaScript  C#  CSS     C  Docker  Keras  Numpy  Pandas  CI  Embedded Linux,2010,134601203 
Associate Software Engineer, Multi-Threading  Robotics  Machine Learning  Statistical Inference  Data Visualization  gtest  Coverity  Github  openCV  AWS  GCP,2010,1988770273 
Associate Software Engineer, Multi-Threading  Robotics  Machine Learning  Statistical Inference  Data Visualization  gtest  Coverity  Github  openCV  AWS  GCP,2010,1971713942 
Associate Software Engineer,Machine learning  Python  C++  Object Oriented Programming   UML Design  Computer Graphics  Mobile App Development  Translation Programing Language  Computer Security,2010,2109314151 
Associate Software Engineer,Machine learning  Python  C++  Object Oriented Programming   UML Design  Computer Graphics  Mobile App Development  Translation Programing Language  Computer Security  Web App Architecture   Dev   Smart Sensor Systems  Algorithms   Data Structures  Operating Systems  Computer Architecture  Computer Networks  Software Engineering Design  Discrete Structures in Computer Science,2010,2027649841 
Associate Software Engineer,Algorithms   Data Structures  Operating Systems  Computer Architecture  Computer Networks  Software Engineering Design  Discrete Structures in Computer Science  Microprocessors and Digital Systems  Multi Variable Calculus  Differential Equations  Engineering Math  Digital Logic   VHDL  Electronic Circuits    Calculus   ,2010,1965314326 
Associate Software Engineer,Golang  Python  C++  Java  JavaScript  C#  CSS     C  Docker  Keras  Numpy  Pandas  CI  Embedded Linux,2010,1523831258 
Associate Software Engineer,Ubuntu/Debian Linux flavors  BLE  ReactJS  Node js  restAPI  React Native  MatLab  Embedded Systems  Multi-Threading  Robotics  Machine Learning  Statistical Inference  Data Visualization  gtest  Coverity  Github  openCV  AWS  GCP,2010,2991934015 
Associate Software Engineer,Discrete Structures in Computer Science  Microprocessors and Digital Systems  Multi Variable Calculus  Differential Equations  Engineering Math  Digital Logic   VHDL  Electronic Circuits    Calculus   ,2010,1980002887 
Associate Software Engineer,Ubuntu/Debian Linux flavors  BLE  ReactJS  Node js  restAPI  React Native  MatLab,2010,1485103849 
Associate Software Engineer, Multi-Threading  Robotics  Machine Learning  Statistical Inference  Data Visualization  gtest  Coverity  Github  openCV  AWS  GCP,2010,2017811887 
Associate Software Engineer,Golang  Python  C++  Java  JavaScript  C#  CSS     C  Docker  Keras  Numpy  Pandas  CI  Embedded Linux,2010,1991490814 
Associate Software Engineer,Machine learning  Python  C++  Object Oriented Programming   UML Design  Computer Graphics  Mobile App Development  Translation Programing Language  Computer Security,2010,2170029657 
Associate Software Engineer,Machine learning  Python  C++  Object Oriented Programming   UML Design  Computer Graphics  Mobile App Development  Translation Programing Language  Computer Security  Web App Architecture   Dev   Smart Sensor Systems  Algorithms   Data Structures  Operating Systems  Computer Architecture  Computer Networks  Software Engineering Design  Discrete Structures in Computer Science,2010,2053580006 
Associate Software Engineer,Algorithms   Data Structures  Operating Systems  Computer Architecture  Computer Networks  Software Engineering Design  Discrete Structures in Computer Science  Microprocessors and Digital Systems  Multi Variable Calculus  Differential Equations  Engineering Math  Digital Logic   VHDL  Electronic Circuits    Calculus   ,2010,137242453 
Associate Software Engineer,Golang  Python  C++  Java  JavaScript  C#  CSS     C  Docker  Keras  Numpy  Pandas  CI  Embedded Linux,2015,2787251669 
Associate Software Engineer,Ubuntu/Debian Linux flavors  BLE  ReactJS  Node js  restAPI  React Native  MatLab  Embedded Systems  Multi-Threading  Robotics  Machine Learning  Statistical Inference  Data Visualization  gtest  Coverity  Github  openCV  AWS  GCP,2010,2182491105 
Associate Software Engineer,Discrete Structures in Computer Science  Microprocessors and Digital Systems  Multi Variable Calculus  Differential Equations  Engineering Math  Digital Logic   VHDL  Electronic Circuits    Calculus   ,2010,1510597787 
Associate Software Engineer,Ubuntu/Debian Linux flavors  BLE  ReactJS  Node js  restAPI  React Native  MatLab,2010,1605563591 
Associate Software Engineer, Multi-Threading  Robotics  Machine Learning  Statistical Inference  Data Visualization  gtest  Coverity  Github  openCV  AWS  GCP,2010,2010091641 
Associate Software Engineer,Golang  Python  C++  Java  JavaScript  C#  CSS     C  Docker  Keras  Numpy  Pandas  CI  Embedded Linux,2010,2080582105 
Associate Software Engineer,Machine learning  Python  C++  Object Oriented Programming   UML Design  Computer Graphics  Mobile App Development  Translation Programing Language  Computer Security,2010,2098091644 
Associate Software Engineer,Machine learning  Python  C++  Object Oriented Programming   UML Design  Computer Graphics  Mobile App Development  Translation Programing Language  Computer Security  Web App Architecture   Dev   Smart Sensor Systems  Algorithms   Data Structures  Operating Systems  Computer Architecture  Computer Networks  Software Engineering Design  Discrete Structures in Computer Science,2010,1995829645 
Associate Software Engineer,Algorithms   Data Structures  Operating Systems  Computer Architecture  Computer Networks  Software Engineering Design  Discrete Structures in Computer Science  Microprocessors and Digital Systems  Multi Variable Calculus  Differential Equations  Engineering Math  Digital Logic   VHDL  Electronic Circuits    Calculus   ,2010,2085683026 
Associate Software Engineer,Golang  Python  C++  Java  JavaScript  C#  CSS     C  Docker  Keras  Numpy  Pandas  CI  Embedded Linux,2010,2055905350 
Associate Software Engineer,Ubuntu/Debian Linux flavors  BLE  ReactJS  Node js  restAPI  React Native  MatLab  Embedded Systems  Multi-Threading  Robotics  Machine Learning  Statistical Inference  Data Visualization  gtest  Coverity  Github  openCV  AWS  GCP,2010,1966177860 
Associate Software Engineer,Discrete Structures in Computer Science  Microprocessors and Digital Systems  Multi Variable Calculus  Differential Equations  Engineering Math  Digital Logic   VHDL  Electronic Circuits    Calculus   ,2010,2146942056 
Associate Software Engineer,Ubuntu/Debian Linux flavors  BLE  ReactJS  Node js  restAPI  React Native  MatLab,2010,2079891241 
Associate Software Engineer, Multi-Threading  Robotics  Machine Learning  Statistical Inference  Data Visualization  gtest  Coverity  Github  openCV  AWS  GCP,2010,20313591 
Associate Software Engineer,Golang  Python  C++  Java  JavaScript  C#  CSS     C  Docker  Keras  Numpy  Pandas  CI  Embedded Linux,2010,2152187371 
Associate Software Engineer, Multi-Threading  Robotics  Machine Learning  Statistical Inference  Data Visualization  gtest  Coverity  Github  openCV  AWS  GCP,2010,1504680141 
Associate Software Engineer, Multi-Threading  Robotics  Machine Learning  Statistical Inference  Data Visualization  gtest  Coverity  Github  openCV  AWS  GCP,2010,2038468380 
Associate Software Engineer,Machine learning  Python  C++  Object Oriented Programming   UML Design  Computer Graphics  Mobile App Development  Translation Programing Language  Computer Security,2010,2408368769 
Associate Software Engineer,Machine learning  Python  C++  Object Oriented Programming   UML Design  Computer Graphics  Mobile App Development  Translation Programing Language  Computer Security  Web App Architecture   Dev   Smart Sensor Systems  Algorithms   Data Structures  Operating Systems  Computer Architecture  Computer Networks  Software Engineering Design  Discrete Structures in Computer Science,2010,1496593009 
Associate Software Engineer,Algorithms   Data Structures  Operating Systems  Computer Architecture  Computer Networks  Software Engineering Design  Discrete Structures in Computer Science  Microprocessors and Digital Systems  Multi Variable Calculus  Differential Equations  Engineering Math  Digital Logic   VHDL  Electronic Circuits    Calculus   ,2010,149221527 
Associate Software Engineer,Golang  Python  C++  Java  JavaScript  C#  CSS     C  Docker  Keras  Numpy  Pandas  CI  Embedded Linux,2010,2034294217 
Associate Software Engineer,Ubuntu/Debian Linux flavors  BLE  ReactJS  Node js  restAPI  React Native  MatLab  Embedded Systems  Multi-Threading  Robotics  Machine Learning  Statistical Inference  Data Visualization  gtest  Coverity  Github  openCV  AWS  GCP,2010,2273594103 
Associate Software Engineer,Discrete Structures in Computer Science  Microprocessors and Digital Systems  Multi Variable Calculus  Differential Equations  Engineering Math  Digital Logic   VHDL  Electronic Circuits    Calculus   ,2010,2087637356 
Associate Software Engineer,Ubuntu/Debian Linux flavors  BLE  ReactJS  Node js  restAPI  React Native  MatLab,2010,1989812918 
Associate Software Engineer, Multi-Threading  Robotics  Machine Learning  Statistical Inference  Data Visualization  gtest  Coverity  Github  openCV  AWS  GCP,2010,2250389936 
Associate Software Engineer,Golang  Python  C++  Java  JavaScript  C#  CSS     C  Docker  Keras  Numpy  Pandas  CI  Embedded Linux,2010,2043466932 
Associate Software Engineer,Machine learning  Python  C++  Object Oriented Programming   UML Design  Computer Graphics  Mobile App Development  Translation Programing Language  Computer Security,2010,2112630028 
Associate Software Engineer,Machine learning  Python  C++  Object Oriented Programming   UML Design  Computer Graphics  Mobile App Development  Translation Programing Language  Computer Security  Web App Architecture   Dev   Smart Sensor Systems  Algorithms   Data Structures  Operating Systems  Computer Architecture  Computer Networks  Software Engineering Design  Discrete Structures in Computer Science,2010,648296214 
Associate Software Engineer,Algorithms   Data Structures  Operating Systems  Computer Architecture  Computer Networks  Software Engineering Design  Discrete Structures in Computer Science  Microprocessors and Digital Systems  Multi Variable Calculus  Differential Equations  Engineering Math  Digital Logic   VHDL  Electronic Circuits    Calculus   ,2010,2003582660 
Associate Software Engineer,Golang  Python  C++  Java  JavaScript  C#  CSS     C  Docker  Keras  Numpy  Pandas  CI  Embedded Linux,2010,1955065678 
Associate Software Engineer,Ubuntu/Debian Linux flavors  BLE  ReactJS  Node js  restAPI  React Native  MatLab  Embedded Systems  Multi-Threading  Robotics  Machine Learning  Statistical Inference  Data Visualization  gtest  Coverity  Github  openCV  AWS  GCP,2010,2398518144 
Associate Software Engineer,Discrete Structures in Computer Science  Microprocessors and Digital Systems  Multi Variable Calculus  Differential Equations  Engineering Math  Digital Logic   VHDL  Electronic Circuits    Calculus   ,2010,75758781 
Associate Software Engineer,Ubuntu/Debian Linux flavors  BLE  ReactJS  Node js  restAPI  React Native  MatLab,2010,2299305499 
Associate Software Engineer, Multi-Threading  Robotics  Machine Learning  Statistical Inference  Data Visualization  gtest  Coverity  Github  openCV  AWS  GCP,2010,1993243189 
Associate Software Engineer,Golang  Python  C++  Java  JavaScript  C#  CSS     C  Docker  Keras  Numpy  Pandas  CI  Embedded Linux,2010,1839789130 
Associate Software Engineer,Machine learning  Python  C++  Object Oriented Programming   UML Design  Computer Graphics  Mobile App Development  Translation Programing Language  Computer Security,2010,2364281305 
Associate Software Engineer,Machine learning  Python  C++  Object Oriented Programming   UML Design  Computer Graphics  Mobile App Development  Translation Programing Language  Computer Security  Web App Architecture   Dev   Smart Sensor Systems  Algorithms   Data Structures  Operating Systems  Computer Architecture  Computer Networks  Software Engineering Design  Discrete Structures in Computer Science,2010,2086801831 
Associate Software Engineer,Algorithms   Data Structures  Operating Systems  Computer Architecture  Computer Networks  Software Engineering Design  Discrete Structures in Computer Science  Microprocessors and Digital Systems  Multi Variable Calculus  Differential Equations  Engineering Math  Digital Logic   VHDL  Electronic Circuits    Calculus   ,2010,2121713292 
Associate Software Engineer,Golang  Python  C++  Java  JavaScript  C#  CSS     C  Docker  Keras  Numpy  Pandas  CI  Embedded Linux,2010,2609690131 
Associate Software Engineer,Ubuntu/Debian Linux flavors  BLE  ReactJS  Node js  restAPI  React Native  MatLab  Embedded Systems  Multi-Threading  Robotics  Machine Learning  Statistical Inference  Data Visualization  gtest  Coverity  Github  openCV  AWS  GCP,2010,171615644 
Associate Software Engineer,Discrete Structures in Computer Science  Microprocessors and Digital Systems  Multi Variable Calculus  Differential Equations  Engineering Math  Digital Logic   VHDL  Electronic Circuits    Calculus   ,2010,2196122474 
Associate Software Engineer,Ubuntu/Debian Linux flavors  BLE  ReactJS  Node js  restAPI  React Native  MatLab,2010,124922321 
Associate Software Engineer, Multi-Threading  Robotics  Machine Learning  Statistical Inference  Data Visualization  gtest  Coverity  Github  openCV  AWS  GCP,2010,2891432301 
Associate Software Engineer,Golang  Python  C++  Java  JavaScript  C#  CSS     C  Docker  Keras  Numpy  Pandas  CI  Embedded Linux,2010,2116181405 
Associate Software Engineer, Multi-Threading  Robotics  Machine Learning  Statistical Inference  Data Visualization  gtest  Coverity  Github  openCV  AWS  GCP,2010,2059504324 
Associate Software Engineer, Multi-Threading  Robotics  Machine Learning  Statistical Inference  Data Visualization  gtest  Coverity  Github  openCV  AWS  GCP,2010,1509772603 
Associate Software Engineer,Machine learning  Python  C++  Object Oriented Programming   UML Design  Computer Graphics  Mobile App Development  Translation Programing Language  Computer Security,2010,1571183184 
Associate Software Engineer,Machine learning  Python  C++  Object Oriented Programming   UML Design  Computer Graphics  Mobile App Development  Translation Programing Language  Computer Security  Web App Architecture   Dev   Smart Sensor Systems  Algorithms   Data Structures  Operating Systems  Computer Architecture  Computer Networks  Software Engineering Design  Discrete Structures in Computer Science,2010,2335498085 
Associate Software Engineer,Algorithms   Data Structures  Operating Systems  Computer Architecture  Computer Networks  Software Engineering Design  Discrete Structures in Computer Science  Microprocessors and Digital Systems  Multi Variable Calculus  Differential Equations  Engineering Math  Digital Logic   VHDL  Electronic Circuits    Calculus   ,2010,2115782208 
Associate Software Engineer,Golang  Python  C++  Java  JavaScript  C#  CSS     C  Docker  Keras  Numpy  Pandas  CI  Embedded Linux,2010,43634755 
Staff Software Engineer,Ubuntu/Debian Linux flavors  BLE  ReactJS  Node js  restAPI  React Native  MatLab  Embedded Systems  Multi-Threading  Robotics  Machine Learning  Statistical Inference  Data Visualization  gtest  Coverity  Github  openCV  AWS  GCP,2010,2310156144 
Staff Software Engineer,Discrete Structures in Computer Science  Microprocessors and Digital Systems  Multi Variable Calculus  Differential Equations  Engineering Math  Digital Logic   VHDL  Electronic Circuits    Calculus   ,2010,2259257582 
Staff Software Engineer,Ubuntu/Debian Linux flavors  BLE  ReactJS  Node js  restAPI  React Native  MatLab,2010,2080167324 
Staff Software Engineer, Multi-Threading  Robotics  Machine Learning  Statistical Inference  Data Visualization  gtest  Coverity  Github  openCV  AWS  GCP,2010,2014297119 
Staff Software Engineer,Golang  Python  C++  Java  JavaScript  C#  CSS     C  Docker  Keras  Numpy  Pandas  CI  Embedded Linux,2010,2309391892 
Staff Software Engineer,Machine learning  Python  C++  Object Oriented Programming   UML Design  Computer Graphics  Mobile App Development  Translation Programing Language  Computer Security,2015,2735903510 
Staff Software Engineer,Machine learning  Python  C++  Object Oriented Programming   UML Design  Computer Graphics  Mobile App Development  Translation Programing Language  Computer Security  Web App Architecture   Dev   Smart Sensor Systems  Algorithms   Data Structures  Operating Systems  Computer Architecture  Computer Networks  Software Engineering Design  Discrete Structures in Computer Science,2010,1988740791 
Staff Software Engineer,Algorithms   Data Structures  Operating Systems  Computer Architecture  Computer Networks  Software Engineering Design  Discrete Structures in Computer Science  Microprocessors and Digital Systems  Multi Variable Calculus  Differential Equations  Engineering Math  Digital Logic   VHDL  Electronic Circuits    Calculus   ,2010,155329642 
Staff Software Engineer,Golang  Python  C++  Java  JavaScript  C#  CSS     C  Docker  Keras  Numpy  Pandas  CI  Embedded Linux,2010,2772567412 
Staff Software Engineer,Ubuntu/Debian Linux flavors  BLE  ReactJS  Node js  restAPI  React Native  MatLab  Embedded Systems  Multi-Threading  Robotics  Machine Learning  Statistical Inference  Data Visualization  gtest  Coverity  Github  openCV  AWS  GCP,2010,2314174202 
Staff Software Engineer,Discrete Structures in Computer Science  Microprocessors and Digital Systems  Multi Variable Calculus  Differential Equations  Engineering Math  Digital Logic   VHDL  Electronic Circuits    Calculus   ,2010,2676129528 
Staff Software Engineer,Ubuntu/Debian Linux flavors  BLE  ReactJS  Node js  restAPI  React Native  MatLab,2010,1885444352 
Staff Software Engineer, Multi-Threading  Robotics  Machine Learning  Statistical Inference  Data Visualization  gtest  Coverity  Github  openCV  AWS  GCP,2010,138838414 
Staff Software Engineer,Golang  Python  C++  Java  JavaScript  C#  CSS     C  Docker  Keras  Numpy  Pandas  CI  Embedded Linux,2010,2347211091 
Staff Software Engineer,Machine learning  Python  C++  Object Oriented Programming   UML Design  Computer Graphics  Mobile App Development  Translation Programing Language  Computer Security,2010,2362002116 
Staff Software Engineer,Machine learning  Python  C++  Object Oriented Programming   UML Design  Computer Graphics  Mobile App Development  Translation Programing Language  Computer Security  Web App Architecture   Dev   Smart Sensor Systems  Algorithms   Data Structures  Operating Systems  Computer Architecture  Computer Networks  Software Engineering Design  Discrete Structures in Computer Science,2010,2041610394 
Staff Software Engineer,Algorithms   Data Structures  Operating Systems  Computer Architecture  Computer Networks  Software Engineering Design  Discrete Structures in Computer Science  Microprocessors and Digital Systems  Multi Variable Calculus  Differential Equations  Engineering Math  Digital Logic   VHDL  Electronic Circuits    Calculus   ,2010,1929995638 
Staff Software Engineer,Golang  Python  C++  Java  JavaScript  C#  CSS     C  Docker  Keras  Numpy  Pandas  CI  Embedded Linux,2010,2460787267 
Staff Software Engineer,Ubuntu/Debian Linux flavors  BLE  ReactJS  Node js  restAPI  React Native  MatLab  Embedded Systems  Multi-Threading  Robotics  Machine Learning  Statistical Inference  Data Visualization  gtest  Coverity  Github  openCV  AWS  GCP,2010,330001753 
Staff Software Engineer,Discrete Structures in Computer Science  Microprocessors and Digital Systems  Multi Variable Calculus  Differential Equations  Engineering Math  Digital Logic   VHDL  Electronic Circuits    Calculus   ,2010,1996184820 
Staff Software Engineer,Ubuntu/Debian Linux flavors  BLE  ReactJS  Node js  restAPI  React Native  MatLab,2010,1933984629 
Staff Software Engineer, Multi-Threading  Robotics  Machine Learning  Statistical Inference  Data Visualization  gtest  Coverity  Github  openCV  AWS  GCP,2010,2070848495 
Staff Software Engineer,Golang  Python  C++  Java  JavaScript  C#  CSS     C  Docker  Keras  Numpy  Pandas  CI  Embedded Linux,2010,2390811855 
Staff Software Engineer, Multi-Threading  Robotics  Machine Learning  Statistical Inference  Data Visualization  gtest  Coverity  Github  openCV  AWS  GCP,2010,2480460633 
Staff Software Engineer, Multi-Threading  Robotics  Machine Learning  Statistical Inference  Data Visualization  gtest  Coverity  Github  openCV  AWS  GCP,2010,2286445522 
Staff Software Engineer,Machine learning  Python  C++  Object Oriented Programming   UML Design  Computer Graphics  Mobile App Development  Translation Programing Language  Computer Security,2015,2616792034 
Staff Software Engineer,Machine learning  Python  C++  Object Oriented Programming   UML Design  Computer Graphics  Mobile App Development  Translation Programing Language  Computer Security  Web App Architecture   Dev   Smart Sensor Systems  Algorithms   Data Structures  Operating Systems  Computer Architecture  Computer Networks  Software Engineering Design  Discrete Structures in Computer Science,2010,2111097884 
Staff Software Engineer,Algorithms   Data Structures  Operating Systems  Computer Architecture  Computer Networks  Software Engineering Design  Discrete Structures in Computer Science  Microprocessors and Digital Systems  Multi Variable Calculus  Differential Equations  Engineering Math  Digital Logic   VHDL  Electronic Circuits    Calculus   ,2010,2034717343 
Staff Software Engineer,Golang  Python  C++  Java  JavaScript  C#  CSS     C  Docker  Keras  Numpy  Pandas  CI  Embedded Linux,2010,2857053869 
Staff Software Engineer,Ubuntu/Debian Linux flavors  BLE  ReactJS  Node js  restAPI  React Native  MatLab  Embedded Systems  Multi-Threading  Robotics  Machine Learning  Statistical Inference  Data Visualization  gtest  Coverity  Github  openCV  AWS  GCP,2010,2096725686 
Staff Software Engineer,Discrete Structures in Computer Science  Microprocessors and Digital Systems  Multi Variable Calculus  Differential Equations  Engineering Math  Digital Logic   VHDL  Electronic Circuits    Calculus   ,2010,2587291899 
Staff Software Engineer,Ubuntu/Debian Linux flavors  BLE  ReactJS  Node js  restAPI  React Native  MatLab,2010,2785772944 
Staff Software Engineer, Multi-Threading  Robotics  Machine Learning  Statistical Inference  Data Visualization  gtest  Coverity  Github  openCV  AWS  GCP,2010,2052371890 
Staff Software Engineer,Golang  Python  C++  Java  JavaScript  C#  CSS     C  Docker  Keras  Numpy  Pandas  CI  Embedded Linux,2010,1800451925 
Staff Software Engineer,Machine learning  Python  C++  Object Oriented Programming   UML Design  Computer Graphics  Mobile App Development  Translation Programing Language  Computer Security,2010,2606751366 
Staff Software Engineer,Machine learning  Python  C++  Object Oriented Programming   UML Design  Computer Graphics  Mobile App Development  Translation Programing Language  Computer Security  Web App Architecture   Dev   Smart Sensor Systems  Algorithms   Data Structures  Operating Systems  Computer Architecture  Computer Networks  Software Engineering Design  Discrete Structures in Computer Science,2010,1974985359 
Staff Software Engineer,Algorithms   Data Structures  Operating Systems  Computer Architecture  Computer Networks  Software Engineering Design  Discrete Structures in Computer Science  Microprocessors and Digital Systems  Multi Variable Calculus  Differential Equations  Engineering Math  Digital Logic   VHDL  Electronic Circuits    Calculus   ,2010,2727585070 
Staff Software Engineer,Golang  Python  C++  Java  JavaScript  C#  CSS     C  Docker  Keras  Numpy  Pandas  CI  Embedded Linux,2010,1585645913 
Staff Software Engineer,Ubuntu/Debian Linux flavors  BLE  ReactJS  Node js  restAPI  React Native  MatLab  Embedded Systems  Multi-Threading  Robotics  Machine Learning  Statistical Inference  Data Visualization  gtest  Coverity  Github  openCV  AWS  GCP,2010,1173588007 
Staff Software Engineer,Discrete Structures in Computer Science  Microprocessors and Digital Systems  Multi Variable Calculus  Differential Equations  Engineering Math  Digital Logic   VHDL  Electronic Circuits    Calculus   ,2010,2625858375 
Staff Software Engineer,Ubuntu/Debian Linux flavors  BLE  ReactJS  Node js  restAPI  React Native  MatLab,2010,369275662 
Staff Software Engineer, Multi-Threading  Robotics  Machine Learning  Statistical Inference  Data Visualization  gtest  Coverity  Github  openCV  AWS  GCP,2010,586704772 
Staff Software Engineer,Golang  Python  C++  Java  JavaScript  C#  CSS     C  Docker  Keras  Numpy  Pandas  CI  Embedded Linux,2010,1973526493 
Staff Software Engineer,Machine learning  Python  C++  Object Oriented Programming   UML Design  Computer Graphics  Mobile App Development  Translation Programing Language  Computer Security,2010,231846190 
Staff Software Engineer,Machine learning  Python  C++  Object Oriented Programming   UML Design  Computer Graphics  Mobile App Development  Translation Programing Language  Computer Security  Web App Architecture   Dev   Smart Sensor Systems  Algorithms   Data Structures  Operating Systems  Computer Architecture  Computer Networks  Software Engineering Design  Discrete Structures in Computer Science,2010,1965087282 
Staff Software Engineer,Algorithms   Data Structures  Operating Systems  Computer Architecture  Computer Networks  Software Engineering Design  Discrete Structures in Computer Science  Microprocessors and Digital Systems  Multi Variable Calculus  Differential Equations  Engineering Math  Digital Logic   VHDL  Electronic Circuits    Calculus   ,2010,1604243463 
Staff Software Engineer,Golang  Python  C++  Java  JavaScript  C#  CSS     C  Docker  Keras  Numpy  Pandas  CI  Embedded Linux,2010,172851710 
Staff Software Engineer,Ubuntu/Debian Linux flavors  BLE  ReactJS  Node js  restAPI  React Native  MatLab  Embedded Systems  Multi-Threading  Robotics  Machine Learning  Statistical Inference  Data Visualization  gtest  Coverity  Github  openCV  AWS  GCP,2016,2318133104 
Staff Software Engineer,Discrete Structures in Computer Science  Microprocessors and Digital Systems  Multi Variable Calculus  Differential Equations  Engineering Math  Digital Logic   VHDL  Electronic Circuits    Calculus   ,2010,312073365 
Staff Software Engineer,Ubuntu/Debian Linux flavors  BLE  ReactJS  Node js  restAPI  React Native  MatLab,2010,2155477847 
Senior Software Engineer, Multi-Threading  Robotics  Machine Learning  Statistical Inference  Data Visualization  gtest  Coverity  Github  openCV  AWS  GCP,2010,1858882771 
Senior Software Engineer,Golang  Python  C++  Java  JavaScript  C#  CSS     C  Docker  Keras  Numpy  Pandas  CI  Embedded Linux,2015,2734403365 
Senior Software Engineer, Multi-Threading  Robotics  Machine Learning  Statistical Inference  Data Visualization  gtest  Coverity  Github  openCV  AWS  GCP,2010,1499053355 
Senior Software Engineer, Multi-Threading  Robotics  Machine Learning  Statistical Inference  Data Visualization  gtest  Coverity  Github  openCV  AWS  GCP,2010,18218359 
Senior Software Engineer,Machine learning  Python  C++  Object Oriented Programming   UML Design  Computer Graphics  Mobile App Development  Translation Programing Language  Computer Security,2010,1576096302 
Senior Software Engineer,Machine learning  Python  C++  Object Oriented Programming   UML Design  Computer Graphics  Mobile App Development  Translation Programing Language  Computer Security  Web App Architecture   Dev   Smart Sensor Systems  Algorithms   Data Structures  Operating Systems  Computer Architecture  Computer Networks  Software Engineering Design  Discrete Structures in Computer Science,2010,1624408375 
Senior Software Engineer,Algorithms   Data Structures  Operating Systems  Computer Architecture  Computer Networks  Software Engineering Design  Discrete Structures in Computer Science  Microprocessors and Digital Systems  Multi Variable Calculus  Differential Equations  Engineering Math  Digital Logic   VHDL  Electronic Circuits    Calculus   ,2010,2791947077 
Senior Software Engineer,Golang  Python  C++  Java  JavaScript  C#  CSS     C  Docker  Keras  Numpy  Pandas  CI  Embedded Linux,2015,2691782352 
Senior Software Engineer,Ubuntu/Debian Linux flavors  BLE  ReactJS  Node js  restAPI  React Native  MatLab  Embedded Systems  Multi-Threading  Robotics  Machine Learning  Statistical Inference  Data Visualization  gtest  Coverity  Github  openCV  AWS  GCP,2010,2808957088 
Senior Software Engineer,Discrete Structures in Computer Science  Microprocessors and Digital Systems  Multi Variable Calculus  Differential Equations  Engineering Math  Digital Logic   VHDL  Electronic Circuits    Calculus   ,2010,2081638605 
Senior Software Engineer,Ubuntu/Debian Linux flavors  BLE  ReactJS  Node js  restAPI  React Native  MatLab,2010,2265506073 
Senior Software Engineer, Multi-Threading  Robotics  Machine Learning  Statistical Inference  Data Visualization  gtest  Coverity  Github  openCV  AWS  GCP,2010,2937955216 
Senior Software Engineer,Golang  Python  C++  Java  JavaScript  C#  CSS     C  Docker  Keras  Numpy  Pandas  CI  Embedded Linux,2010,2748086948 
Senior Software Engineer,Machine learning  Python  C++  Object Oriented Programming   UML Design  Computer Graphics  Mobile App Development  Translation Programing Language  Computer Security,2010,2185053153 
Senior Software Engineer,Machine learning  Python  C++  Object Oriented Programming   UML Design  Computer Graphics  Mobile App Development  Translation Programing Language  Computer Security  Web App Architecture   Dev   Smart Sensor Systems  Algorithms   Data Structures  Operating Systems  Computer Architecture  Computer Networks  Software Engineering Design  Discrete Structures in Computer Science,2010,2180015913 
Senior Software Engineer,Algorithms   Data Structures  Operating Systems  Computer Architecture  Computer Networks  Software Engineering Design  Discrete Structures in Computer Science  Microprocessors and Digital Systems  Multi Variable Calculus  Differential Equations  Engineering Math  Digital Logic   VHDL  Electronic Circuits    Calculus   ,2010,2337009772 
Senior Software Engineer,Golang  Python  C++  Java  JavaScript  C#  CSS     C  Docker  Keras  Numpy  Pandas  CI  Embedded Linux,2010,70254005 
Senior Software Engineer,Ubuntu/Debian Linux flavors  BLE  ReactJS  Node js  restAPI  React Native  MatLab  Embedded Systems  Multi-Threading  Robotics  Machine Learning  Statistical Inference  Data Visualization  gtest  Coverity  Github  openCV  AWS  GCP,2010,60966037 
Senior Software Engineer,Discrete Structures in Computer Science  Microprocessors and Digital Systems  Multi Variable Calculus  Differential Equations  Engineering Math  Digital Logic   VHDL  Electronic Circuits    Calculus   ,2010,1992599226 
Senior Software Engineer,Ubuntu/Debian Linux flavors  BLE  ReactJS  Node js  restAPI  React Native  MatLab,2010,1516777464 
Senior Software Engineer, Multi-Threading  Robotics  Machine Learning  Statistical Inference  Data Visualization  gtest  Coverity  Github  openCV  AWS  GCP,2010,2236935831 
Senior Software Engineer,Golang  Python  C++  Java  JavaScript  C#  CSS     C  Docker  Keras  Numpy  Pandas  CI  Embedded Linux,2010,3021704913 
Senior Software Engineer,Machine learning  Python  C++  Object Oriented Programming   UML Design  Computer Graphics  Mobile App Development  Translation Programing Language  Computer Security,2010,2317856854 
Senior Software Engineer,Machine learning  Python  C++  Object Oriented Programming   UML Design  Computer Graphics  Mobile App Development  Translation Programing Language  Computer Security  Web App Architecture   Dev   Smart Sensor Systems  Algorithms   Data Structures  Operating Systems  Computer Architecture  Computer Networks  Software Engineering Design  Discrete Structures in Computer Science,2010,2492073001 
Senior Software Engineer,Algorithms   Data Structures  Operating Systems  Computer Architecture  Computer Networks  Software Engineering Design  Discrete Structures in Computer Science  Microprocessors and Digital Systems  Multi Variable Calculus  Differential Equations  Engineering Math  Digital Logic   VHDL  Electronic Circuits    Calculus   ,2010,1735115222 
Senior Software Engineer,Golang  Python  C++  Java  JavaScript  C#  CSS     C  Docker  Keras  Numpy  Pandas  CI  Embedded Linux,2010,1527552169 
Senior Software Engineer,Ubuntu/Debian Linux flavors  BLE  ReactJS  Node js  restAPI  React Native  MatLab  Embedded Systems  Multi-Threading  Robotics  Machine Learning  Statistical Inference  Data Visualization  gtest  Coverity  Github  openCV  AWS  GCP,2010,1897361755 
Senior Software Engineer,Discrete Structures in Computer Science  Microprocessors and Digital Systems  Multi Variable Calculus  Differential Equations  Engineering Math  Digital Logic   VHDL  Electronic Circuits    Calculus   ,2010,2907310022 
Senior Software Engineer,Ubuntu/Debian Linux flavors  BLE  ReactJS  Node js  restAPI  React Native  MatLab,2010,105991505 
Senior Software Engineer, Multi-Threading  Robotics  Machine Learning  Statistical Inference  Data Visualization  gtest  Coverity  Github  openCV  AWS  GCP,2010,2805940188 
Senior Software Engineer,Golang  Python  C++  Java  JavaScript  C#  CSS     C  Docker  Keras  Numpy  Pandas  CI  Embedded Linux,2015,2410465342 
Senior Software Engineer, Multi-Threading  Robotics  Machine Learning  Statistical Inference  Data Visualization  gtest  Coverity  Github  openCV  AWS  GCP,2015,2626189516 
Senior Software Engineer, Multi-Threading  Robotics  Machine Learning  Statistical Inference  Data Visualization  gtest  Coverity  Github  openCV  AWS  GCP,2015,1532503642 
Senior Software Engineer,Machine learning  Python  C++  Object Oriented Programming   UML Design  Computer Graphics  Mobile App Development  Translation Programing Language  Computer Security,2015,2035654630 
Senior Software Engineer,Machine learning  Python  C++  Object Oriented Programming   UML Design  Computer Graphics  Mobile App Development  Translation Programing Language  Computer Security  Web App Architecture   Dev   Smart Sensor Systems  Algorithms   Data Structures  Operating Systems  Computer Architecture  Computer Networks  Software Engineering Design  Discrete Structures in Computer Science,2015,2252350410 
Senior Software Engineer,Algorithms   Data Structures  Operating Systems  Computer Architecture  Computer Networks  Software Engineering Design  Discrete Structures in Computer Science  Microprocessors and Digital Systems  Multi Variable Calculus  Differential Equations  Engineering Math  Digital Logic   VHDL  Electronic Circuits    Calculus   ,2015,970764947 
Senior Software Engineer,Golang  Python  C++  Java  JavaScript  C#  CSS     C  Docker  Keras  Numpy  Pandas  CI  Embedded Linux,2015,2248267741 
Senior Software Engineer,Ubuntu/Debian Linux flavors  BLE  ReactJS  Node js  restAPI  React Native  MatLab  Embedded Systems  Multi-Threading  Robotics  Machine Learning  Statistical Inference  Data Visualization  gtest  Coverity  Github  openCV  AWS  GCP,2015,1192617096 
Senior Software Engineer,Discrete Structures in Computer Science  Microprocessors and Digital Systems  Multi Variable Calculus  Differential Equations  Engineering Math  Digital Logic   VHDL  Electronic Circuits    Calculus   ,2015,1573600402 
Senior Software Engineer,Ubuntu/Debian Linux flavors  BLE  ReactJS  Node js  restAPI  React Native  MatLab,2015,2039222427 
Senior Software Engineer, Multi-Threading  Robotics  Machine Learning  Statistical Inference  Data Visualization  gtest  Coverity  Github  openCV  AWS  GCP,2015,1613353461 
Senior Software Engineer,Golang  Python  C++  Java  JavaScript  C#  CSS     C  Docker  Keras  Numpy  Pandas  CI  Embedded Linux,2015,2133664726 
Senior Software Engineer,Machine learning  Python  C++  Object Oriented Programming   UML Design  Computer Graphics  Mobile App Development  Translation Programing Language  Computer Security,2015,2013009626 
Senior Software Engineer,Machine learning  Python  C++  Object Oriented Programming   UML Design  Computer Graphics  Mobile App Development  Translation Programing Language  Computer Security  Web App Architecture   Dev   Smart Sensor Systems  Algorithms   Data Structures  Operating Systems  Computer Architecture  Computer Networks  Software Engineering Design  Discrete Structures in Computer Science,2015,2866311178 
Senior Software Engineer,Algorithms   Data Structures  Operating Systems  Computer Architecture  Computer Networks  Software Engineering Design  Discrete Structures in Computer Science  Microprocessors and Digital Systems  Multi Variable Calculus  Differential Equations  Engineering Math  Digital Logic   VHDL  Electronic Circuits    Calculus   ,2015,621249151 
Senior Software Engineer,Golang  Python  C++  Java  JavaScript  C#  CSS     C  Docker  Keras  Numpy  Pandas  CI  Embedded Linux,2015,2949737760 
Senior Software Engineer,Ubuntu/Debian Linux flavors  BLE  ReactJS  Node js  restAPI  React Native  MatLab  Embedded Systems  Multi-Threading  Robotics  Machine Learning  Statistical Inference  Data Visualization  gtest  Coverity  Github  openCV  AWS  GCP,2015,1105550512 
Senior Software Engineer,Discrete Structures in Computer Science  Microprocessors and Digital Systems  Multi Variable Calculus  Differential Equations  Engineering Math  Digital Logic   VHDL  Electronic Circuits    Calculus   ,2015,2164622009 
Senior Software Engineer,Ubuntu/Debian Linux flavors  BLE  ReactJS  Node js  restAPI  React Native  MatLab,2015,2172555723 
Senior Software Engineer, Multi-Threading  Robotics  Machine Learning  Statistical Inference  Data Visualization  gtest  Coverity  Github  openCV  AWS  GCP,2015,2604556392 
Senior Software Engineer,Golang  Python  C++  Java  JavaScript  C#  CSS     C  Docker  Keras  Numpy  Pandas  CI  Embedded Linux,2015,2596416236 
Senior Software Engineer,Machine learning  Python  C++  Object Oriented Programming   UML Design  Computer Graphics  Mobile App Development  Translation Programing Language  Computer Security,2015,2109920916 
Senior Software Engineer,Machine learning  Python  C++  Object Oriented Programming   UML Design  Computer Graphics  Mobile App Development  Translation Programing Language  Computer Security  Web App Architecture   Dev   Smart Sensor Systems  Algorithms   Data Structures  Operating Systems  Computer Architecture  Computer Networks  Software Engineering Design  Discrete Structures in Computer Science,2015,1837189719 
Senior Software Engineer,Algorithms   Data Structures  Operating Systems  Computer Architecture  Computer Networks  Software Engineering Design  Discrete Structures in Computer Science  Microprocessors and Digital Systems  Multi Variable Calculus  Differential Equations  Engineering Math  Digital Logic   VHDL  Electronic Circuits    Calculus   ,2015,2125017820 
Senior Software Engineer,Golang  Python  C++  Java  JavaScript  C#  CSS     C  Docker  Keras  Numpy  Pandas  CI  Embedded Linux,2015,2267037000 
Senior Software Engineer,Ubuntu/Debian Linux flavors  BLE  ReactJS  Node js  restAPI  React Native  MatLab  Embedded Systems  Multi-Threading  Robotics  Machine Learning  Statistical Inference  Data Visualization  gtest  Coverity  Github  openCV  AWS  GCP,2015,1857274061 
Senior Software Engineer,Discrete Structures in Computer Science  Microprocessors and Digital Systems  Multi Variable Calculus  Differential Equations  Engineering Math  Digital Logic   VHDL  Electronic Circuits    Calculus   ,2015,2409935441 
Principal Sofware Engineer,Ubuntu/Debian Linux flavors  BLE  ReactJS  Node js  restAPI  React Native  MatLab,2015,1776471690 
Principal Sofware Engineer, Multi-Threading  Robotics  Machine Learning  Statistical Inference  Data Visualization  gtest  Coverity  Github  openCV  AWS  GCP,2015,2154353534 
Principal Sofware Engineer,Golang  Python  C++  Java  JavaScript  C#  CSS     C  Docker  Keras  Numpy  Pandas  CI  Embedded Linux,2015,2136181417 
Principal Sofware Engineer, Multi-Threading  Robotics  Machine Learning  Statistical Inference  Data Visualization  gtest  Coverity  Github  openCV  AWS  GCP,2015,224940491 
Principal Sofware Engineer, Multi-Threading  Robotics  Machine Learning  Statistical Inference  Data Visualization  gtest  Coverity  Github  openCV  AWS  GCP,2015,1904898195 
Principal Sofware Engineer,Machine learning  Python  C++  Object Oriented Programming   UML Design  Computer Graphics  Mobile App Development  Translation Programing Language  Computer Security,2014,2154861391 
Principal Sofware Engineer,Machine learning  Python  C++  Object Oriented Programming   UML Design  Computer Graphics  Mobile App Development  Translation Programing Language  Computer Security  Web App Architecture   Dev   Smart Sensor Systems  Algorithms   Data Structures  Operating Systems  Computer Architecture  Computer Networks  Software Engineering Design  Discrete Structures in Computer Science,2015,2098342258 
Principal Sofware Engineer,Algorithms   Data Structures  Operating Systems  Computer Architecture  Computer Networks  Software Engineering Design  Discrete Structures in Computer Science  Microprocessors and Digital Systems  Multi Variable Calculus  Differential Equations  Engineering Math  Digital Logic   VHDL  Electronic Circuits    Calculus   ,2015,1731358280 
Principal Sofware Engineer,Golang  Python  C++  Java  JavaScript  C#  CSS     C  Docker  Keras  Numpy  Pandas  CI  Embedded Linux,2015,2129734721 
Principal Sofware Engineer,Ubuntu/Debian Linux flavors  BLE  ReactJS  Node js  restAPI  React Native  MatLab  Embedded Systems  Multi-Threading  Robotics  Machine Learning  Statistical Inference  Data Visualization  gtest  Coverity  Github  openCV  AWS  GCP,2015,2046379086 
Principal Sofware Engineer,Discrete Structures in Computer Science  Microprocessors and Digital Systems  Multi Variable Calculus  Differential Equations  Engineering Math  Digital Logic   VHDL  Electronic Circuits    Calculus   ,2015,2163796701 
Principal Sofware Engineer,Ubuntu/Debian Linux flavors  BLE  ReactJS  Node js  restAPI  React Native  MatLab,2015,2299172150 
Principal Sofware Engineer, Multi-Threading  Robotics  Machine Learning  Statistical Inference  Data Visualization  gtest  Coverity  Github  openCV  AWS  GCP,2015,1996444514 
Principal Sofware Engineer,Golang  Python  C++  Java  JavaScript  C#  CSS     C  Docker  Keras  Numpy  Pandas  CI  Embedded Linux,2015,2291066148 
Principal Sofware Engineer,Machine learning  Python  C++  Object Oriented Programming   UML Design  Computer Graphics  Mobile App Development  Translation Programing Language  Computer Security,2015,1873529009 
Principal Sofware Engineer,Machine learning  Python  C++  Object Oriented Programming   UML Design  Computer Graphics  Mobile App Development  Translation Programing Language  Computer Security  Web App Architecture   Dev   Smart Sensor Systems  Algorithms   Data Structures  Operating Systems  Computer Architecture  Computer Networks  Software Engineering Design  Discrete Structures in Computer Science,2015,2166116241 
Principal Sofware Engineer,Algorithms   Data Structures  Operating Systems  Computer Architecture  Computer Networks  Software Engineering Design  Discrete Structures in Computer Science  Microprocessors and Digital Systems  Multi Variable Calculus  Differential Equations  Engineering Math  Digital Logic   VHDL  Electronic Circuits    Calculus   ,2015,2135528681 
Principal Sofware Engineer,Golang  Python  C++  Java  JavaScript  C#  CSS     C  Docker  Keras  Numpy  Pandas  CI  Embedded Linux,2015,2142966564 
Principal Sofware Engineer,Ubuntu/Debian Linux flavors  BLE  ReactJS  Node js  restAPI  React Native  MatLab  Embedded Systems  Multi-Threading  Robotics  Machine Learning  Statistical Inference  Data Visualization  gtest  Coverity  Github  openCV  AWS  GCP,2015,2037929024 
Principal Sofware Engineer,Discrete Structures in Computer Science  Microprocessors and Digital Systems  Multi Variable Calculus  Differential Equations  Engineering Math  Digital Logic   VHDL  Electronic Circuits    Calculus   ,2015,1006494919 
Principal Sofware Engineer,Ubuntu/Debian Linux flavors  BLE  ReactJS  Node js  restAPI  React Native  MatLab,2015,1582067674 
Principal Sofware Engineer, Multi-Threading  Robotics  Machine Learning  Statistical Inference  Data Visualization  gtest  Coverity  Github  openCV  AWS  GCP,2015,2178646869 
Principal Sofware Engineer,Golang  Python  C++  Java  JavaScript  C#  CSS     C  Docker  Keras  Numpy  Pandas  CI  Embedded Linux,2015,2130917189 
Principal Sofware Engineer,Machine learning  Python  C++  Object Oriented Programming   UML Design  Computer Graphics  Mobile App Development  Translation Programing Language  Computer Security,2015,1674263712 
Principal Sofware Engineer,Machine learning  Python  C++  Object Oriented Programming   UML Design  Computer Graphics  Mobile App Development  Translation Programing Language  Computer Security  Web App Architecture   Dev   Smart Sensor Systems  Algorithms   Data Structures  Operating Systems  Computer Architecture  Computer Networks  Software Engineering Design  Discrete Structures in Computer Science,2015,2127050758 
Principal Sofware Engineer,Algorithms   Data Structures  Operating Systems  Computer Architecture  Computer Networks  Software Engineering Design  Discrete Structures in Computer Science  Microprocessors and Digital Systems  Multi Variable Calculus  Differential Equations  Engineering Math  Digital Logic   VHDL  Electronic Circuits    Calculus   ,2015,2100098273 
Principal Sofware Engineer,Golang  Python  C++  Java  JavaScript  C#  CSS     C  Docker  Keras  Numpy  Pandas  CI  Embedded Linux,2015,1526711923 
Principal Sofware Engineer,Ubuntu/Debian Linux flavors  BLE  ReactJS  Node js  restAPI  React Native  MatLab  Embedded Systems  Multi-Threading  Robotics  Machine Learning  Statistical Inference  Data Visualization  gtest  Coverity  Github  openCV  AWS  GCP,2015,1880833783 
Principal Sofware Engineer,Discrete Structures in Computer Science  Microprocessors and Digital Systems  Multi Variable Calculus  Differential Equations  Engineering Math  Digital Logic   VHDL  Electronic Circuits    Calculus   ,2015,1968794558 
Principal Sofware Engineer,Ubuntu/Debian Linux flavors  BLE  ReactJS  Node js  restAPI  React Native  MatLab,2015,2010288427 
Principal Sofware Engineer, Multi-Threading  Robotics  Machine Learning  Statistical Inference  Data Visualization  gtest  Coverity  Github  openCV  AWS  GCP,2015,2067549128 
Principal Sofware Engineer,Golang  Python  C++  Java  JavaScript  C#  CSS     C  Docker  Keras  Numpy  Pandas  CI  Embedded Linux,2015,2287349875 
Principal Sofware Engineer, Multi-Threading  Robotics  Machine Learning  Statistical Inference  Data Visualization  gtest  Coverity  Github  openCV  AWS  GCP,2015,1487000972 
Principal Sofware Engineer, Multi-Threading  Robotics  Machine Learning  Statistical Inference  Data Visualization  gtest  Coverity  Github  openCV  AWS  GCP,2015,2342829265 
Principal Sofware Engineer,Machine learning  Python  C++  Object Oriented Programming   UML Design  Computer Graphics  Mobile App Development  Translation Programing Language  Computer Security,2015,2003965816 
Principal Sofware Engineer,Machine learning  Python  C++  Object Oriented Programming   UML Design  Computer Graphics  Mobile App Development  Translation Programing Language  Computer Security  Web App Architecture   Dev   Smart Sensor Systems  Algorithms   Data Structures  Operating Systems  Computer Architecture  Computer Networks  Software Engineering Design  Discrete Structures in Computer Science,2015,2058090591 
Principal Sofware Engineer,Algorithms   Data Structures  Operating Systems  Computer Architecture  Computer Networks  Software Engineering Design  Discrete Structures in Computer Science  Microprocessors and Digital Systems  Multi Variable Calculus  Differential Equations  Engineering Math  Digital Logic   VHDL  Electronic Circuits    Calculus   ,2015,2296380453 
Principal Sofware Engineer,Golang  Python  C++  Java  JavaScript  C#  CSS     C  Docker  Keras  Numpy  Pandas  CI  Embedded Linux,2015,2293989420 
Principal Sofware Engineer,Ubuntu/Debian Linux flavors  BLE  ReactJS  Node js  restAPI  React Native  MatLab  Embedded Systems  Multi-Threading  Robotics  Machine Learning  Statistical Inference  Data Visualization  gtest  Coverity  Github  openCV  AWS  GCP,2015,2046125230 
Principal Sofware Engineer,Discrete Structures in Computer Science  Microprocessors and Digital Systems  Multi Variable Calculus  Differential Equations  Engineering Math  Digital Logic   VHDL  Electronic Circuits    Calculus   ,2015,2862097373 
Principal Sofware Engineer,Ubuntu/Debian Linux flavors  BLE  ReactJS  Node js  restAPI  React Native  MatLab,2015,2260131232 
Principal Sofware Engineer, Multi-Threading  Robotics  Machine Learning  Statistical Inference  Data Visualization  gtest  Coverity  Github  openCV  AWS  GCP,2015,1992236530 
Principal Sofware Engineer,Golang  Python  C++  Java  JavaScript  C#  CSS     C  Docker  Keras  Numpy  Pandas  CI  Embedded Linux,2015,2824452741 